Image,label
IDRiD_001.jpg,3
IDRiD_002.jpg,3
IDRiD_003.jpg,2
IDRiD_005.jpg,3
IDRiD_004.jpg,4
IDRiD_006.jpg,4
IDRiD_007.jpg,4
IDRiD_008.jpg,4
IDRiD_009.jpg,3
IDRiD_010.jpg,4
IDRiD_011.jpg,3
IDRiD_012.jpg,3
IDRiD_013.jpg,3
IDRiD_014.jpg,4
IDRiD_015.jpg,4
IDRiD_016.jpg,2
IDRiD_017.jpg,4
IDRiD_018.jpg,2
IDRiD_019.jpg,2
IDRiD_020.jpg,2
IDRiD_021.jpg,1
IDRiD_022.jpg,4
IDRiD_023.jpg,3
IDRiD_024.jpg,4
IDRiD_025.jpg,3
IDRiD_026.jpg,3
IDRiD_027.jpg,4
IDRiD_028.jpg,4
IDRiD_029.jpg,2
IDRiD_030.jpg,4
IDRiD_031.jpg,4
IDRiD_032.jpg,4
IDRiD_033.jpg,4
IDRiD_034.jpg,3
IDRiD_035.jpg,3
IDRiD_036.jpg,3
IDRiD_037.jpg,2
IDRiD_038.jpg,2
IDRiD_039.jpg,3
IDRiD_040.jpg,3
IDRiD_041.jpg,2
IDRiD_042.jpg,2
IDRiD_043.jpg,2
IDRiD_044.jpg,2
IDRiD_045.jpg,2
IDRiD_046.jpg,4
IDRiD_047.jpg,2
IDRiD_048.jpg,2
IDRiD_049.jpg,3
IDRiD_050.jpg,2
IDRiD_051.jpg,2
IDRiD_052.jpg,2
IDRiD_053.jpg,4
IDRiD_054.jpg,4
IDRiD_055.jpg,3
IDRiD_056.jpg,2
IDRiD_057.jpg,3
IDRiD_058.jpg,2
IDRiD_059.jpg,2
IDRiD_060.jpg,2
IDRiD_061.jpg,2
IDRiD_062.jpg,4
IDRiD_063.jpg,2
IDRiD_064.jpg,2
IDRiD_065.jpg,3
IDRiD_066.jpg,3
IDRiD_067.jpg,4
IDRiD_068.jpg,2
IDRiD_069.jpg,2
IDRiD_070.jpg,4
IDRiD_071.jpg,2
IDRiD_072.jpg,2
IDRiD_073.jpg,2
IDRiD_074.jpg,2
IDRiD_075.jpg,3
IDRiD_076.jpg,2
IDRiD_077.jpg,3
IDRiD_078.jpg,2
IDRiD_079.jpg,1
IDRiD_080.jpg,2
IDRiD_081.jpg,4
IDRiD_082.jpg,2
IDRiD_083.jpg,2
IDRiD_084.jpg,2
IDRiD_085.jpg,2
IDRiD_086.jpg,4
IDRiD_087.jpg,2
IDRiD_088.jpg,3
IDRiD_089.jpg,4
IDRiD_090.jpg,4
IDRiD_091.jpg,2
IDRiD_092.jpg,2
IDRiD_093.jpg,2
IDRiD_094.jpg,2
IDRiD_095.jpg,3
IDRiD_096.jpg,4
IDRiD_097.jpg,2
IDRiD_098.jpg,3
IDRiD_099.jpg,3
IDRiD_100.jpg,4
IDRiD_101.jpg,3
IDRiD_102.jpg,2
IDRiD_103.jpg,2
IDRiD_104.jpg,4
IDRiD_105.jpg,1
IDRiD_106.jpg,2
IDRiD_107.jpg,2
IDRiD_108.jpg,3
IDRiD_109.jpg,2
IDRiD_110.jpg,3
IDRiD_111.jpg,4
IDRiD_112.jpg,3
IDRiD_113.jpg,2
IDRiD_114.jpg,3
IDRiD_115.jpg,3
IDRiD_116.jpg,2
IDRiD_117.jpg,2
IDRiD_118.jpg,0
IDRiD_119.jpg,4
IDRiD_120.jpg,2
IDRiD_121.jpg,2
IDRiD_122.jpg,2
IDRiD_123.jpg,2
IDRiD_124.jpg,2
IDRiD_125.jpg,2
IDRiD_126.jpg,2
IDRiD_127.jpg,2
IDRiD_128.jpg,2
IDRiD_129.jpg,2
IDRiD_130.jpg,2
IDRiD_131.jpg,2
IDRiD_132.jpg,2
IDRiD_133.jpg,2
IDRiD_134.jpg,2
IDRiD_135.jpg,2
IDRiD_136.jpg,2
IDRiD_137.jpg,2
IDRiD_138.jpg,0
IDRiD_139.jpg,0
IDRiD_140.jpg,0
IDRiD_141.jpg,0
IDRiD_142.jpg,0
IDRiD_143.jpg,0
IDRiD_144.jpg,0
IDRiD_145.jpg,0
IDRiD_146.jpg,0
IDRiD_147.jpg,0
IDRiD_148.jpg,0
IDRiD_149.jpg,0
IDRiD_150.jpg,0
IDRiD_151.jpg,0
IDRiD_152.jpg,0
IDRiD_153.jpg,0
IDRiD_154.jpg,0
IDRiD_155.jpg,0
IDRiD_156.jpg,0
IDRiD_157.jpg,0
IDRiD_158.jpg,0
IDRiD_159.jpg,0
IDRiD_160.jpg,0
IDRiD_161.jpg,0
IDRiD_162.jpg,0
IDRiD_163.jpg,0
IDRiD_164.jpg,0
IDRiD_165.jpg,0
IDRiD_166.jpg,0
IDRiD_167.jpg,0
IDRiD_168.jpg,0
IDRiD_169.jpg,0
IDRiD_170.jpg,0
IDRiD_171.jpg,0
IDRiD_172.jpg,0
IDRiD_173.jpg,0
IDRiD_174.jpg,0
IDRiD_175.jpg,0
IDRiD_176.jpg,0
IDRiD_177.jpg,0
IDRiD_178.jpg,4
IDRiD_179.jpg,0
IDRiD_180.jpg,3
IDRiD_181.jpg,0
IDRiD_182.jpg,0
IDRiD_183.jpg,2
IDRiD_184.jpg,0
IDRiD_185.jpg,2
IDRiD_186.jpg,2
IDRiD_187.jpg,2
IDRiD_188.jpg,2
IDRiD_189.jpg,4
IDRiD_190.jpg,0
IDRiD_191.jpg,2
IDRiD_192.jpg,3
IDRiD_193.jpg,0
IDRiD_194.jpg,1
IDRiD_195.jpg,0
IDRiD_196.jpg,2
IDRiD_197.jpg,0
IDRiD_198.jpg,1
IDRiD_199.jpg,0
IDRiD_200.jpg,0
IDRiD_201.jpg,2
IDRiD_202.jpg,0
IDRiD_203.jpg,1
IDRiD_204.jpg,0
IDRiD_205.jpg,0
IDRiD_206.jpg,0
IDRiD_207.jpg,3
IDRiD_208.jpg,2
IDRiD_209.jpg,0
IDRiD_210.jpg,0
IDRiD_211.jpg,0
IDRiD_212.jpg,0
IDRiD_213.jpg,0
IDRiD_214.jpg,0
IDRiD_215.jpg,2
IDRiD_216.jpg,2
IDRiD_217.jpg,0
IDRiD_218.jpg,0
IDRiD_219.jpg,0
IDRiD_220.jpg,0
IDRiD_221.jpg,0
IDRiD_222.jpg,0
IDRiD_223.jpg,0
IDRiD_224.jpg,4
IDRiD_225.jpg,0
IDRiD_226.jpg,0
IDRiD_227.jpg,0
IDRiD_228.jpg,0
IDRiD_229.jpg,0
IDRiD_230.jpg,0
IDRiD_231.jpg,2
IDRiD_232.jpg,2
IDRiD_233.jpg,0
IDRiD_234.jpg,0
IDRiD_235.jpg,0
IDRiD_236.jpg,2
IDRiD_237.jpg,2
IDRiD_238.jpg,0
IDRiD_239.jpg,4
IDRiD_240.jpg,4
IDRiD_241.jpg,2
IDRiD_242.jpg,2
IDRiD_243.jpg,0
IDRiD_244.jpg,0
IDRiD_245.jpg,2
IDRiD_246.jpg,4
IDRiD_247.jpg,2
IDRiD_248.jpg,2
IDRiD_249.jpg,0
IDRiD_250.jpg,0
IDRiD_251.jpg,0
IDRiD_252.jpg,2
IDRiD_253.jpg,3
IDRiD_254.jpg,4
IDRiD_255.jpg,0
IDRiD_256.jpg,1
IDRiD_257.jpg,0
IDRiD_258.jpg,0
IDRiD_259.jpg,0
IDRiD_260.jpg,2
IDRiD_261.jpg,2
IDRiD_262.jpg,2
IDRiD_263.jpg,2
IDRiD_264.jpg,0
IDRiD_265.jpg,1
IDRiD_266.jpg,1
IDRiD_267.jpg,0
IDRiD_268.jpg,0
IDRiD_269.jpg,3
IDRiD_270.jpg,2
IDRiD_271.jpg,3
IDRiD_272.jpg,4
IDRiD_273.jpg,0
IDRiD_274.jpg,0
IDRiD_275.jpg,0
IDRiD_276.jpg,0
IDRiD_277.jpg,3
IDRiD_278.jpg,3
IDRiD_279.jpg,1
IDRiD_280.jpg,2
IDRiD_281.jpg,2
IDRiD_282.jpg,2
IDRiD_283.jpg,2
IDRiD_284.jpg,2
IDRiD_285.jpg,4
IDRiD_286.jpg,4
IDRiD_287.jpg,0
IDRiD_288.jpg,0
IDRiD_289.jpg,4
IDRiD_290.jpg,1
IDRiD_291.jpg,1
IDRiD_292.jpg,0
IDRiD_293.jpg,2
IDRiD_294.jpg,2
IDRiD_295.jpg,0
IDRiD_296.jpg,3
IDRiD_297.jpg,0
IDRiD_298.jpg,0
IDRiD_299.jpg,3
IDRiD_300.jpg,2
IDRiD_301.jpg,1
IDRiD_302.jpg,1
IDRiD_303.jpg,2
IDRiD_304.jpg,1
IDRiD_305.jpg,0
IDRiD_306.jpg,3
IDRiD_307.jpg,0
IDRiD_308.jpg,3
IDRiD_309.jpg,3
IDRiD_310.jpg,2
IDRiD_311.jpg,2
IDRiD_312.jpg,0
IDRiD_313.jpg,4
IDRiD_314.jpg,3
IDRiD_315.jpg,0
IDRiD_316.jpg,0
IDRiD_317.jpg,0
IDRiD_318.jpg,0
IDRiD_319.jpg,2
IDRiD_320.jpg,3
IDRiD_321.jpg,3
IDRiD_322.jpg,2
IDRiD_323.jpg,3
IDRiD_324.jpg,3
IDRiD_325.jpg,2
IDRiD_326.jpg,2
IDRiD_327.jpg,3
IDRiD_328.jpg,2
IDRiD_329.jpg,3
IDRiD_330.jpg,3
IDRiD_331.jpg,0
IDRiD_332.jpg,2
IDRiD_333.jpg,2
IDRiD_334.jpg,3
IDRiD_335.jpg,0
IDRiD_336.jpg,0
IDRiD_337.jpg,2
IDRiD_338.jpg,2
IDRiD_339.jpg,3
IDRiD_340.jpg,2
IDRiD_341.jpg,3
IDRiD_342.jpg,0
IDRiD_343.jpg,2
IDRiD_344.jpg,3
IDRiD_345.jpg,0
IDRiD_346.jpg,0
IDRiD_347.jpg,3
IDRiD_348.jpg,2
IDRiD_349.jpg,3
IDRiD_350.jpg,2
IDRiD_351.jpg,0
IDRiD_352.jpg,0
IDRiD_353.jpg,0
IDRiD_354.jpg,3
IDRiD_355.jpg,0
IDRiD_356.jpg,3
IDRiD_357.jpg,3
IDRiD_358.jpg,0
IDRiD_359.jpg,0
IDRiD_360.jpg,2
IDRiD_361.jpg,4
IDRiD_362.jpg,4
IDRiD_363.jpg,2
IDRiD_364.jpg,3
IDRiD_365.jpg,0
IDRiD_366.jpg,3
IDRiD_367.jpg,0
IDRiD_368.jpg,3
IDRiD_369.jpg,3
IDRiD_370.jpg,0
IDRiD_371.jpg,3
IDRiD_372.jpg,3
IDRiD_373.jpg,0
IDRiD_374.jpg,2
IDRiD_375.jpg,2
IDRiD_376.jpg,3
IDRiD_377.jpg,3
IDRiD_378.jpg,0
IDRiD_379.jpg,1
IDRiD_380.jpg,3
IDRiD_381.jpg,0
IDRiD_382.jpg,0
IDRiD_383.jpg,3
IDRiD_384.jpg,3
IDRiD_385.jpg,3
IDRiD_386.jpg,0
IDRiD_387.jpg,0
IDRiD_388.jpg,1
IDRiD_389.jpg,4
IDRiD_390.jpg,4
IDRiD_391.jpg,2
IDRiD_392.jpg,4
IDRiD_393.jpg,0
IDRiD_394.jpg,4
IDRiD_395.jpg,0
IDRiD_396.jpg,0
IDRiD_397.jpg,2
IDRiD_398.jpg,2
IDRiD_399.jpg,0
IDRiD_400.jpg,0
IDRiD_401.jpg,2
IDRiD_402.jpg,1
IDRiD_403.jpg,1
IDRiD_404.jpg,2
IDRiD_405.jpg,2,
IDRiD_406.jpg,0
IDRiD_407.jpg,2
IDRiD_408.jpg,1
IDRiD_409.jpg,2
IDRiD_410.jpg,2
IDRiD_411.jpg,2
IDRiD_412.jpg,2
IDRiD_413.jpg,2

















































































































































































































































































































































































































































































































































































































































































































